開始日,終了日,期間,配信日,年月,検索実行日,モール,ランキング,カテゴリ,メーカー名,商品名,商品タイトル,販売価格,値引き情報,URL
2026/03/29,2026/04/04,3月29日(日)～4月4日(土),4月9日,2026年4月,2026/04/03,Yahoo!,1,シャワー,1,マイクロ,【最新モデル】シャワーヘッド マイクロナノバブル ウルトラファインバブル 節水シャワー 6段階 ミスト 増圧 手元止水 高洗浄力 毛穴汚れ除去 美肌美髪 新生活,3980,79%OFF,https://store.shopping.yahoo.co.jp/ec-offshore/s-hs-11.html?sc_i=shopping-pc-web-list-ranking-crk01_01-title
2026/03/29,2026/04/04,3月29日(日)～4月4日(土),4月9日,2026年4月,2026/04/03,Yahoo!,1,シャワー,,offshore Yahoo!ショッピング,offshore - Yahoo!ショッピング,3980,,https://store.shopping.yahoo.co.jp/ec-offshore/?sc_i=shopping-pc-web-list-ranking-crk01_01-str
2026/03/29,2026/04/04,3月29日(日)～4月4日(土),4月9日,2026年4月,2026/04/03,Yahoo!,2,シャワー,,リファ シックスパッド,【公式】リファ・シックスパッド・スタイル Yahoo!ショッピング店|MTG ONLINESHOP,35000,,https://shopping.geocities.jp/mtgec/?sc_i=shopping-pc-web-list-ranking-crk01_01-str
2026/03/29,2026/04/04,3月29日(日)～4月4日(土),4月9日,2026年4月,2026/04/03,Yahoo!,3,シャワー,,日新商事 Yahoo!ショッピング,日新商事 - Yahoo!ショッピング,3000,15%OFF,https://store.shopping.yahoo.co.jp/nissin-trading/?sc_i=shopping-pc-web-list-ranking-crk01_01-str
2026/03/29,2026/04/04,3月29日(日)～4月4日(土),4月9日,2026年4月,2026/04/03,Yahoo!,4,シャワー,,スラッシュ専門店 Yahoo!ショッピング,スラッシュ専門店 - Yahoo!ショッピング,350,,https://store.shopping.yahoo.co.jp/smmslash/?sc_i=shopping-pc-web-list-ranking-crk01_01-str
2026/03/29,2026/04/04,3月29日(日)～4月4日(土),4月9日,2026年4月,2026/04/03,Yahoo!,5,シャワー,,ミラブルオンラインYahoo!ショップ Yahoo!ショッピング,ミラブルオンラインYahoo!ショップ - Yahoo!ショッピング,33000,,https://store.shopping.yahoo.co.jp/mirable-online/?sc_i=shopping-pc-web-list-ranking-crk01_01-str
2026/03/29,2026/04/04,3月29日(日)～4月4日(土),4月9日,2026年4月,2026/04/03,Yahoo!,6,シャワー,,Belando Yahoo!ショッピング,Belando - Yahoo!ショッピング,1999,,https://store.shopping.yahoo.co.jp/belando/?sc_i=shopping-pc-web-list-ranking-crk01_01-str
2026/03/29,2026/04/04,3月29日(日)～4月4日(土),4月9日,2026年4月,2026/04/03,Yahoo!,7,シャワー,,Have PREMIUM,Have a PREMIUM life! - Yahoo!ショッピング,5050,,https://store.shopping.yahoo.co.jp/haveapremiumlife/?sc_i=shopping-pc-web-list-ranking-crk01_01-str
2026/03/29,2026/04/04,3月29日(日)～4月4日(土),4月9日,2026年4月,2026/04/03,Yahoo!,8,シャワー,,Hey Seasons,Hey Seasons - Yahoo!ショッピング,3108,,https://store.shopping.yahoo.co.jp/cheeryjp/?sc_i=shopping-pc-web-list-ranking-crk01_01-str
2026/03/29,2026/04/04,3月29日(日)～4月4日(土),4月9日,2026年4月,2026/04/03,Yahoo!,9,シャワー,,DREAM SQUARE,DREAM SQUARE - Yahoo!ショッピング,30000,,https://store.shopping.yahoo.co.jp/urban-style/?sc_i=shopping-pc-web-list-ranking-crk01_01-str
2026/03/29,2026/04/04,3月29日(日)～4月4日(土),4月9日,2026年4月,2026/04/03,Yahoo!,10,シャワー,,Noend( )Yahoo!店,Noend(公式)Yahoo!店 - Yahoo!ショッピング,2980,,https://store.shopping.yahoo.co.jp/japanmall/?sc_i=shopping-pc-web-list-ranking-crk01_01-str
2026/03/29,2026/04/04,3月29日(日)～4月4日(土),4月9日,2026年4月,2026/04/03,Yahoo!,1,シャワー,1,マイクロ,【最新モデル】シャワーヘッド マイクロナノバブル ウルトラファインバブル 節水シャワー 6段階 ミスト 増圧 手元止水 高洗浄力 毛穴汚れ除去 美肌美髪 新生活,3980,79%OFF,https://store.shopping.yahoo.co.jp/ec-offshore/s-hs-11.html?sc_i=shopping-pc-web-list-ranking-crk01_01-title
2026/04/04,2026/04/10,4月4日(土)～4月10日(金),4月15日,2026年4月,2026/04/09,Yahoo!,1,シャワー,1,マイクロ,【最新モデル】シャワーヘッド マイクロナノバブル ウルトラファインバブル 節水シャワー 6段階 ミスト 増圧 手元止水 高洗浄力 毛穴汚れ除去 美肌美髪 新生活,3980,79%OFF,https://store.shopping.yahoo.co.jp/ec-offshore/s-hs-11.html?sc_i=shopping-pc-web-list-ranking-crk01_01-title
2026/04/04,2026/04/10,4月4日(土)～4月10日(金),4月15日,2026年4月,2026/04/09,Yahoo!,1,シャワー,1,マイクロ,【最新モデル】シャワーヘッド マイクロナノバブル ウルトラファインバブル 節水シャワー 6段階 ミスト 増圧 手元止水 高洗浄力 毛穴汚れ除去 美肌美髪 新生活,3980,79%OFF,https://store.shopping.yahoo.co.jp/ec-offshore/s-hs-11.html?sc_i=shopping-pc-web-list-ranking-crk01_01-title
2026/04/04,2026/04/10,4月4日(土)～4月10日(金),4月15日,2026年4月,2026/04/09,Yahoo!,1,シャワー,1,マイクロ,【最新モデル】シャワーヘッド マイクロナノバブル ウルトラファインバブル 節水シャワー 6段階 ミスト 増圧 手元止水 高洗浄力 毛穴汚れ除去 美肌美髪 新生活,3980,79%OFF,https://store.shopping.yahoo.co.jp/ec-offshore/s-hs-11.html?sc_i=shopping-pc-web-list-ranking-crk01_01-title
2026/04/11,2026/04/17,4月11日(土)～4月17日(金),4月22日,2026年4月,2026/04/16,Yahoo!,1,シャワー,1,マイクロ,【最新モデル】シャワーヘッド マイクロナノバブル ウルトラファインバブル 節水シャワー 6段階 ミスト 増圧 手元止水 高洗浄力 毛穴汚れ除去 美肌美髪 新生活,3980,79%OFF,https://store.shopping.yahoo.co.jp/ec-offshore/s-hs-11.html?sc_i=shopping-pc-web-list-ranking-crk01_01-title
2026/04/11,2026/04/17,4月11日(土)～4月17日(金),4月22日,2026年4月,2026/04/16,Yahoo!,1,シャワー,1,マイクロ,【最新モデル】シャワーヘッド マイクロナノバブル ウルトラファインバブル 節水シャワー 6段階 ミスト 増圧 手元止水 高洗浄力 毛穴汚れ除去 美肌美髪 新生活,3980,79%OFF,https://store.shopping.yahoo.co.jp/ec-offshore/s-hs-11.html?sc_i=shopping-pc-web-list-ranking-crk01_01-title
2026/04/18,2026/04/24,4月18日(土)～4月24日(金),4月29日,2026年4月,2026/04/23,Yahoo!,1,シャワー,1,マイクロ 爆買,【最新モデル】シャワーヘッド マイクロナノバブル ウルトラファインバブル 節水シャワー 6段階 ミスト 増圧 手元止水 高洗浄力 毛穴汚れ除去 美肌美髪 爆買,3980,79%OFF,https://store.shopping.yahoo.co.jp/ec-offshore/s-hs-11.html?sc_i=shopping-pc-web-list-ranking-crk01_01-title
2026/04/18,2026/04/24,4月18日(土)～4月24日(金),4月29日,2026年4月,2026/04/23,Yahoo!,1,シャワー,1,マイクロ 爆買,【最新モデル】シャワーヘッド マイクロナノバブル ウルトラファインバブル 節水シャワー 6段階 ミスト 増圧 手元止水 高洗浄力 毛穴汚れ除去 美肌美髪 爆買,3980,79%OFF,https://store.shopping.yahoo.co.jp/ec-offshore/s-hs-11.html?sc_i=shopping-pc-web-list-ranking-crk01_01-title
2026/04/25,2026/05/01,4月25日(土)～5月1日(金),5月6日,2026年5月,2026/04/30,Yahoo!,1,シャワー,1,マイクロ 爆買,【最新モデル】シャワーヘッド マイクロナノバブル ウルトラファインバブル 節水シャワー 6段階 ミスト 増圧 手元止水 高洗浄力 毛穴汚れ除去 美肌美髪 爆買,3980,79%OFF,https://store.shopping.yahoo.co.jp/ec-offshore/s-hs-11.html?sc_i=shopping-pc-web-list-ranking-crk01_01-title
2026/04/25,2026/05/01,4月25日(土)～5月1日(金),5月6日,2026年5月,2026/04/30,Yahoo!,1,シャワー,1,マイクロ 爆買,【最新モデル】シャワーヘッド マイクロナノバブル ウルトラファインバブル 節水シャワー 6段階 ミスト 増圧 手元止水 高洗浄力 毛穴汚れ除去 美肌美髪 爆買,3980,79%OFF,https://store.shopping.yahoo.co.jp/ec-offshore/s-hs-11.html?sc_i=shopping-pc-web-list-ranking-crk01_01-title
2026/05/02,2026/05/08,5月2日(土)～5月8日(金),5月13日,2026年5月,2026/05/07,Yahoo!,1,シャワー,1,マイクロ 爆買,【最新モデル】シャワーヘッド マイクロナノバブル ウルトラファインバブル 節水シャワー 6段階 ミスト 増圧 手元止水 高洗浄力 毛穴汚れ除去 美肌美髪 爆買,3980,79%OFF,https://store.shopping.yahoo.co.jp/ec-offshore/s-hs-11.html?sc_i=shopping-pc-web-list-ranking-crk01_01-title
2026/05/02,2026/05/08,5月2日(土)～5月8日(金),5月13日,2026年5月,2026/05/07,Yahoo!,1,シャワー,1,マイクロ 爆買,【最新モデル】シャワーヘッド マイクロナノバブル ウルトラファインバブル 節水シャワー 6段階 ミスト 増圧 手元止水 高洗浄力 毛穴汚れ除去 美肌美髪 爆買,3980,79%OFF,https://store.shopping.yahoo.co.jp/ec-offshore/s-hs-11.html?sc_i=shopping-pc-web-list-ranking-crk01_01-title
2026/05/02,2026/05/08,5月2日(土)～5月8日(金),5月13日,2026年5月,2026/05/07,Yahoo!,1,シャワー,1,マイクロ 保温保湿,【最新モデル】シャワーヘッド マイクロナノバブル ファインバブル 節水シャワー 6段階 ミスト 増圧 手元止水 高洗浄力 毛穴汚れ除去 美肌美髪 保温保湿 爆買,3980,79%OFF,https://store.shopping.yahoo.co.jp/ec-offshore/s-hs-11.html?sc_i=shopping-pc-web-list-ranking-crk01_01-title
2026/05/02,2026/05/08,5月2日(土)～5月8日(金),5月13日,2026年5月,2026/05/07,Yahoo!,1,シャワー,1,マイクロ 保温保湿,【最新モデル】シャワーヘッド マイクロナノバブル ファインバブル 節水シャワー 6段階 ミスト 増圧 手元止水 高洗浄力 毛穴汚れ除去 美肌美髪 保温保湿 爆買,3980,79%OFF,https://store.shopping.yahoo.co.jp/ec-offshore/s-hs-11.html?sc_i=shopping-pc-web-list-ranking-crk01_01-title
2026/05/09,2026/05/15,5月9日(土)～5月15日(金),5月20日,2026年5月,2026/05/14,Yahoo!,1,シャワー,1,マイクロ 保温保湿,【最新モデル】シャワーヘッド マイクロナノバブル ファインバブル 節水シャワー 6段階 ミスト 増圧 手元止水 高洗浄力 毛穴汚れ除去 美肌美髪 保温保湿 爆買,3980,79%OFF,https://store.shopping.yahoo.co.jp/ec-offshore/s-hs-11.html?sc_i=shopping-pc-web-list-ranking-crk01_01-title
2026/05/09,2026/05/15,5月9日(土)～5月15日(金),5月20日,2026年5月,2026/05/14,Yahoo!,1,シャワー,1,マイクロ 保温保湿,【最新モデル】シャワーヘッド マイクロナノバブル ファインバブル 節水シャワー 6段階 ミスト 増圧 手元止水 高洗浄力 毛穴汚れ除去 美肌美髪 保温保湿 爆買,3980,79%OFF,https://store.shopping.yahoo.co.jp/ec-offshore/s-hs-11.html?sc_i=shopping-pc-web-list-ranking-crk01_01-title
2026/05/09,2026/05/15,5月9日(土)～5月15日(金),5月20日,2026年5月,2026/05/14,Yahoo!,1,シャワー,1,マイクロ 保温保湿,【最新モデル】シャワーヘッド マイクロナノバブル ファインバブル 節水シャワー 6段階 ミスト 増圧 手元止水 高洗浄力 毛穴汚れ除去 美肌美髪 保温保湿 爆買,3980,79%OFF,https://store.shopping.yahoo.co.jp/ec-offshore/s-hs-11.html?sc_i=shopping-pc-web-list-ranking-crk01_01-title
2026/05/09,2026/05/15,5月9日(土)～5月15日(金),5月20日,2026年5月,2026/05/14,Yahoo!,1,シャワー,1,マイクロ 保温保湿,【最新モデル】シャワーヘッド マイクロナノバブル ファインバブル 節水シャワー 6段階 ミスト 増圧 手元止水 高洗浄力 毛穴汚れ除去 美肌美髪 保温保湿 爆買,3980,79%OFF,https://store.shopping.yahoo.co.jp/ec-offshore/s-hs-11.html?sc_i=shopping-pc-web-list-ranking-crk01_01-title
2026/05/16,2026/05/22,5月16日(土)～5月22日(金),5月27日,2026年5月,2026/05/21,Yahoo!,1,シャワー,1,マイクロ 保湿,【最新モデル】シャワーヘッド マイクロナノバブル ファインバブル 節水シャワー 6段階 ミスト 増圧 手元止水 高洗浄力 毛穴汚れ除去 美肌美髪 保湿 父の日爆買,3980,79%OFF,https://store.shopping.yahoo.co.jp/ec-offshore/s-hs-11.html?sc_i=shopping-pc-web-list-ranking-crk01_01-title
2026/05/16,2026/05/22,5月16日(土)～5月22日(金),5月27日,2026年5月,2026/05/21,Yahoo!,1,シャワー,1,マイクロ 保湿,【最新モデル】シャワーヘッド マイクロナノバブル ファインバブル 節水シャワー 6段階 ミスト 増圧 手元止水 高洗浄力 毛穴汚れ除去 美肌美髪 保湿 父の日爆買,3980,79%OFF,https://store.shopping.yahoo.co.jp/ec-offshore/s-hs-11.html?sc_i=shopping-pc-web-list-ranking-crk01_01-title
2026/05/16,2026/05/22,5月16日(土)～5月22日(金),5月27日,2026年5月,2026/05/21,Yahoo!,1,シャワー,1,マイクロ 保湿,【最新モデル】シャワーヘッド マイクロナノバブル ファインバブル 節水シャワー 6段階 ミスト 増圧 手元止水 高洗浄力 毛穴汚れ除去 美肌美髪 保湿 父の日爆買,3980,79%OFF,https://store.shopping.yahoo.co.jp/ec-offshore/s-hs-11.html?sc_i=shopping-pc-web-list-ranking-crk01_01-title
2026/05/16,2026/05/22,5月16日(土)～5月22日(金),5月27日,2026年5月,2026/05/21,Yahoo!,1,シャワー,1,マイクロ 保湿,【最新モデル】シャワーヘッド マイクロナノバブル ファインバブル 節水シャワー 6段階 ミスト 増圧 手元止水 高洗浄力 毛穴汚れ除去 美肌美髪 保湿 父の日爆買,3980,79%OFF,https://store.shopping.yahoo.co.jp/ec-offshore/s-hs-11.html?sc_i=shopping-pc-web-list-ranking-crk01_01-title
2026/05/23,2026/05/29,5月23日(土)～5月29日(金),6月3日,2026年6月,2026/05/28,Yahoo!,1,シャワー,1,マイクロ 保湿,【最新モデル】シャワーヘッド マイクロナノバブル ファインバブル 節水シャワー 6段階 ミスト 増圧 手元止水 高洗浄力 毛穴汚れ除去 美肌美髪 保湿 父の日爆買,3980,79%OFF,https://store.shopping.yahoo.co.jp/ec-offshore/s-hs-11.html?sc_i=shopping-pc-web-list-ranking-crk01_01-title
2026/05/23,2026/05/29,5月23日(土)～5月29日(金),6月3日,2026年6月,2026/05/28,Yahoo!,1,シャワー,1,マイクロ 保湿,【最新モデル】シャワーヘッド マイクロナノバブル ファインバブル 節水シャワー 6段階 ミスト 増圧 手元止水 高洗浄力 毛穴汚れ除去 美肌美髪 保湿 父の日爆買,3980,79%OFF,https://store.shopping.yahoo.co.jp/ec-offshore/s-hs-11.html?sc_i=shopping-pc-web-list-ranking-crk01_01-title
2026/05/23,2026/05/29,5月23日(土)～5月29日(金),6月3日,2026年6月,2026/05/28,Yahoo!,1,シャワー,1,マイクロ 保湿,【最新モデル】シャワーヘッド マイクロナノバブル ファインバブル 節水シャワー 6段階 ミスト 増圧 手元止水 高洗浄力 毛穴汚れ除去 美肌美髪 保湿 父の日爆買,3980,79%OFF,https://store.shopping.yahoo.co.jp/ec-offshore/s-hs-11.html?sc_i=shopping-pc-web-list-ranking-crk01_01-title
2026/05/23,2026/05/29,5月23日(土)～5月29日(金),6月3日,2026年6月,2026/05/28,Yahoo!,1,シャワー,1,マイクロ 保湿,【最新モデル】シャワーヘッド マイクロナノバブル ファインバブル 節水シャワー 6段階 ミスト 増圧 手元止水 高洗浄力 毛穴汚れ除去 美肌美髪 保湿 父の日爆買,3980,79%OFF,https://store.shopping.yahoo.co.jp/ec-offshore/s-hs-11.html?sc_i=shopping-pc-web-list-ranking-crk01_01-title
2026/05/30,2026/06/05,5月30日(土)～6月5日(金),6月10日,2026年6月,2026/06/04,Yahoo!,1,シャワー,1,マイクロ 保湿,【最新モデル】シャワーヘッド マイクロナノバブル ファインバブル 節水シャワー 6段階 ミスト 増圧 手元止水 高洗浄力 毛穴汚れ除去 美肌美髪 保湿 父の日爆買,3980,79%OFF,https://store.shopping.yahoo.co.jp/ec-offshore/s-hs-11.html?sc_i=shopping-pc-web-list-ranking-crk01_01-title
2026/05/30,2026/06/05,5月30日(土)～6月5日(金),6月10日,2026年6月,2026/06/04,Yahoo!,1,シャワー,1,マイクロ 保湿,【最新モデル】シャワーヘッド マイクロナノバブル ファインバブル 節水シャワー 6段階 ミスト 増圧 手元止水 高洗浄力 毛穴汚れ除去 美肌美髪 保湿 父の日爆買,3980,79%OFF,https://store.shopping.yahoo.co.jp/ec-offshore/s-hs-11.html?sc_i=shopping-pc-web-list-ranking-crk01_01-title
2026/05/30,2026/06/05,5月30日(土)～6月5日(金),6月10日,2026年6月,2026/06/04,Yahoo!,1,シャワー,1,マイクロ 保湿,【最新モデル】シャワーヘッド マイクロナノバブル ファインバブル 節水シャワー 6段階 ミスト 増圧 手元止水 高洗浄力 毛穴汚れ除去 美肌美髪 保湿 父の日爆買,3980,79%OFF,https://store.shopping.yahoo.co.jp/ec-offshore/s-hs-11.html?sc_i=shopping-pc-web-list-ranking-crk01_01-title
2026/05/30,2026/06/05,5月30日(土)～6月5日(金),6月10日,2026年6月,2026/06/04,Yahoo!,1,シャワー,1,マイクロ 保湿,【最新モデル】シャワーヘッド マイクロナノバブル ファインバブル 節水シャワー 6段階 ミスト 増圧 手元止水 高洗浄力 毛穴汚れ除去 美肌美髪 保湿 父の日爆買,3980,79%OFF,https://store.shopping.yahoo.co.jp/ec-offshore/s-hs-11.html?sc_i=shopping-pc-web-list-ranking-crk01_01-title
2026/06/06,2026/06/12,6月6日(土)～6月12日(金),6月17日,2026年6月,2026/06/11,Yahoo!,1,シャワー,1,マイクロ 保湿,【最新モデル】シャワーヘッド マイクロナノバブル ファインバブル 節水シャワー 6段階 ミスト 増圧 手元止水 高洗浄力 毛穴汚れ除去 美肌美髪 保湿 父の日爆買,3980,79%OFF,https://store.shopping.yahoo.co.jp/ec-offshore/s-hs-11.html?sc_i=shopping-pc-web-list-ranking-crk01_01-title
2026/06/06,2026/06/12,6月6日(土)～6月12日(金),6月17日,2026年6月,2026/06/11,Yahoo!,1,シャワー,1,マイクロ 保湿,【最新モデル】シャワーヘッド マイクロナノバブル ファインバブル 節水シャワー 6段階 ミスト 増圧 手元止水 高洗浄力 毛穴汚れ除去 美肌美髪 保湿 父の日爆買,3980,79%OFF,https://store.shopping.yahoo.co.jp/ec-offshore/s-hs-11.html?sc_i=shopping-pc-web-list-ranking-crk01_01-title
2026/06/06,2026/06/12,6月6日(土)～6月12日(金),6月17日,2026年6月,2026/06/11,Yahoo!,1,シャワー,1,マイクロ 保湿,【最新モデル】シャワーヘッド マイクロナノバブル ファインバブル 節水シャワー 6段階 ミスト 増圧 手元止水 高洗浄力 毛穴汚れ除去 美肌美髪 保湿 父の日爆買,3980,79%OFF,https://store.shopping.yahoo.co.jp/ec-offshore/s-hs-11.html?sc_i=shopping-pc-web-list-ranking-crk01_01-title
2026/06/06,2026/06/12,6月6日(土)～6月12日(金),6月17日,2026年6月,2026/06/11,Yahoo!,1,シャワー,1,マイクロ 保湿,【最新モデル】シャワーヘッド マイクロナノバブル ファインバブル 節水シャワー 6段階 ミスト 増圧 手元止水 高洗浄力 毛穴汚れ除去 美肌美髪 保湿 父の日爆買,3980,79%OFF,https://store.shopping.yahoo.co.jp/ec-offshore/s-hs-11.html?sc_i=shopping-pc-web-list-ranking-crk01_01-title
2026/06/13,2026/06/19,6月13日(土)～6月19日(金),6月24日,2026年6月,2026/06/18,Yahoo!,1,シャワー,1,マイクロ 保湿,【最新モデル】シャワーヘッド マイクロナノバブル ファインバブル 節水シャワー 6段階 ミスト 増圧 手元止水 高洗浄力 毛穴汚れ除去 美肌美髪 保湿 父の日爆買,3980,79%OFF,https://store.shopping.yahoo.co.jp/ec-offshore/s-hs-11.html?sc_i=shopping-pc-web-list-ranking-crk01_01-title
2026/06/13,2026/06/19,6月13日(土)～6月19日(金),6月24日,2026年6月,2026/06/18,Yahoo!,1,シャワー,1,マイクロ 保湿,【最新モデル】シャワーヘッド マイクロナノバブル ファインバブル 節水シャワー 6段階 ミスト 増圧 手元止水 高洗浄力 毛穴汚れ除去 美肌美髪 保湿 父の日爆買,3980,79%OFF,https://store.shopping.yahoo.co.jp/ec-offshore/s-hs-11.html?sc_i=shopping-pc-web-list-ranking-crk01_01-title
2026/06/13,2026/06/19,6月13日(土)～6月19日(金),6月24日,2026年6月,2026/06/18,Yahoo!,1,シャワー,1,マイクロ 保湿,【最新モデル】シャワーヘッド マイクロナノバブル ファインバブル 節水シャワー 6段階 ミスト 増圧 手元止水 高洗浄力 毛穴汚れ除去 美肌美髪 保湿 父の日爆買,3980,79%OFF,https://store.shopping.yahoo.co.jp/ec-offshore/s-hs-11.html?sc_i=shopping-pc-web-list-ranking-crk01_01-title
2026/06/13,2026/06/19,6月13日(土)～6月19日(金),6月24日,2026年6月,2026/06/18,Yahoo!,1,シャワー,1,マイクロ 保湿,【最新モデル】シャワーヘッド マイクロナノバブル ファインバブル 節水シャワー 6段階 ミスト 増圧 手元止水 高洗浄力 毛穴汚れ除去 美肌美髪 保湿 父の日爆買,3980,79%OFF,https://store.shopping.yahoo.co.jp/ec-offshore/s-hs-11.html?sc_i=shopping-pc-web-list-ranking-crk01_01-title
2026/06/20,2026/06/26,6月20日(土)～6月26日(金),7月1日,2026年7月,2026/06/25,Yahoo!,1,シャワー,1,マイクロ 保温保湿,【最新モデル】シャワーヘッド マイクロナノバブル ファインバブル 節水シャワー 6段階 ミスト 増圧 手元止水 高洗浄力 毛穴汚れ除去 美肌美髪 保温保湿 爆買,3980,79%OFF,https://store.shopping.yahoo.co.jp/ec-offshore/s-hs-11.html?sc_i=shopping-pc-web-list-ranking-crk01_01-title
2026/06/20,2026/06/26,6月20日(土)～6月26日(金),7月1日,2026年7月,2026/06/25,Yahoo!,1,シャワー,1,マイクロ 保温保湿,【最新モデル】シャワーヘッド マイクロナノバブル ファインバブル 節水シャワー 6段階 ミスト 増圧 手元止水 高洗浄力 毛穴汚れ除去 美肌美髪 保温保湿 爆買,3980,79%OFF,https://store.shopping.yahoo.co.jp/ec-offshore/s-hs-11.html?sc_i=shopping-pc-web-list-ranking-crk01_01-title
2026/06/20,2026/06/26,6月20日(土)～6月26日(金),7月1日,2026年7月,2026/06/25,Yahoo!,1,シャワー,1,マイクロ 保温保湿,【最新モデル】シャワーヘッド マイクロナノバブル ファインバブル 節水シャワー 6段階 ミスト 増圧 手元止水 高洗浄力 毛穴汚れ除去 美肌美髪 保温保湿 爆買,3980,79%OFF,https://store.shopping.yahoo.co.jp/ec-offshore/s-hs-11.html?sc_i=shopping-pc-web-list-ranking-crk01_01-title
2026/06/20,2026/06/26,6月20日(土)～6月26日(金),7月1日,2026年7月,2026/06/25,Yahoo!,1,シャワー,1,マイクロ 保温保湿,【最新モデル】シャワーヘッド マイクロナノバブル ファインバブル 節水シャワー 6段階 ミスト 増圧 手元止水 高洗浄力 毛穴汚れ除去 美肌美髪 保温保湿 爆買,3980,79%OFF,https://store.shopping.yahoo.co.jp/ec-offshore/s-hs-11.html?sc_i=shopping-pc-web-list-ranking-crk01_01-title
2026/06/27,2026/07/03,6月27日(土)～7月3日(金),7月8日,2026年7月,2026/07/02,Yahoo!,1,シャワー,1,マイクロ 保温保湿,【最新モデル】シャワーヘッド マイクロナノバブル ファインバブル 節水シャワー 6段階 ミスト 増圧 手元止水 高洗浄力 毛穴汚れ除去 美肌美髪 保温保湿 爆買,3980,79%OFF,https://store.shopping.yahoo.co.jp/ec-offshore/s-hs-11.html?sc_i=shopping-pc-web-list-ranking-crk01_01-title
2026/06/27,2026/07/03,6月27日(土)～7月3日(金),7月8日,2026年7月,2026/07/02,Yahoo!,1,シャワー,1,マイクロ 保温保湿,【最新モデル】シャワーヘッド マイクロナノバブル ファインバブル 節水シャワー 6段階 ミスト 増圧 手元止水 高洗浄力 毛穴汚れ除去 美肌美髪 保温保湿 爆買,3980,79%OFF,https://store.shopping.yahoo.co.jp/ec-offshore/s-hs-11.html?sc_i=shopping-pc-web-list-ranking-crk01_01-title
2026/06/27,2026/07/03,6月27日(土)～7月3日(金),7月8日,2026年7月,2026/07/02,Yahoo!,1,シャワー,1,マイクロ 保温保湿,【最新モデル】シャワーヘッド マイクロナノバブル ファインバブル 節水シャワー 6段階 ミスト 増圧 手元止水 高洗浄力 毛穴汚れ除去 美肌美髪 保温保湿 爆買,3980,79%OFF,https://store.shopping.yahoo.co.jp/ec-offshore/s-hs-11.html?sc_i=shopping-pc-web-list-ranking-crk01_01-title
2026/06/27,2026/07/03,6月27日(土)～7月3日(金),7月8日,2026年7月,2026/07/02,Yahoo!,1,シャワー,1,マイクロ 保温保湿,【最新モデル】シャワーヘッド マイクロナノバブル ファインバブル 節水シャワー 6段階 ミスト 増圧 手元止水 高洗浄力 毛穴汚れ除去 美肌美髪 保温保湿 爆買,3980,79%OFF,https://store.shopping.yahoo.co.jp/ec-offshore/s-hs-11.html?sc_i=shopping-pc-web-list-ranking-crk01_01-title
2026/07/04,2026/07/10,7月4日(土)～7月10日(金),7月15日,2026年7月,2026/07/09,Yahoo!,1,シャワー,1,マイクロ 保温保湿,【最新モデル】シャワーヘッド マイクロナノバブル ファインバブル 節水シャワー 6段階 ミスト 増圧 手元止水 高洗浄力 毛穴汚れ除去 美肌美髪 保温保湿 爆買,3980,79%OFF,https://store.shopping.yahoo.co.jp/ec-offshore/s-hs-11.html?sc_i=shopping-pc-web-list-ranking-crk01_01-title
2026/07/04,2026/07/10,7月4日(土)～7月10日(金),7月15日,2026年7月,2026/07/09,Yahoo!,1,シャワー,1,マイクロ 保温保湿,【最新モデル】シャワーヘッド マイクロナノバブル ファインバブル 節水シャワー 6段階 ミスト 増圧 手元止水 高洗浄力 毛穴汚れ除去 美肌美髪 保温保湿 爆買,3980,79%OFF,https://store.shopping.yahoo.co.jp/ec-offshore/s-hs-11.html?sc_i=shopping-pc-web-list-ranking-crk01_01-title
2026/07/04,2026/07/10,7月4日(土)～7月10日(金),7月15日,2026年7月,2026/07/09,Yahoo!,1,シャワー,1,マイクロ 保温保湿,【最新モデル】シャワーヘッド マイクロナノバブル ファインバブル 節水シャワー 6段階 ミスト 増圧 手元止水 高洗浄力 毛穴汚れ除去 美肌美髪 保温保湿 爆買,3980,79%OFF,https://store.shopping.yahoo.co.jp/ec-offshore/s-hs-11.html?sc_i=shopping-pc-web-list-ranking-crk01_01-title
2026/07/04,2026/07/10,7月4日(土)～7月10日(金),7月15日,2026年7月,2026/07/09,Yahoo!,1,シャワー,1,マイクロ 保温保湿,【最新モデル】シャワーヘッド マイクロナノバブル ファインバブル 節水シャワー 6段階 ミスト 増圧 手元止水 高洗浄力 毛穴汚れ除去 美肌美髪 保温保湿 爆買,3980,79%OFF,https://store.shopping.yahoo.co.jp/ec-offshore/s-hs-11.html?sc_i=shopping-pc-web-list-ranking-crk01_01-title
2026/07/11,2026/07/17,7月11日(土)～7月17日(金),7月22日,2026年7月,2026/07/16,Yahoo!,1,シャワー,1,●リファ 選べる止水機能付き,●リファ 公式 選べる止水機能付き シャワーヘッド ● ReFa シャワー 人気No.1! リファファインバブル U 誕生日 ギフト 新生活 引っ越し ReFa 節水 FBU FBUS,35000,25%オフ,https://store.shopping.yahoo.co.jp/mtgec/1579320109.html?sc_i=shopping-pc-web-list-ranking-crk01_01-title
2026/07/11,2026/07/17,7月11日(土)～7月17日(金),7月22日,2026年7月,2026/07/16,Yahoo!,1,シャワー,1,●リファ 選べる止水機能付き,●リファ 公式 選べる止水機能付き シャワーヘッド ● ReFa シャワー 人気No.1! リファファインバブル U 誕生日 ギフト 新生活 引っ越し ReFa 節水 FBU FBUS,35000,25%オフ,https://store.shopping.yahoo.co.jp/mtgec/1579320109.html?sc_i=shopping-pc-web-list-ranking-crk01_01-title
2026/07/11,2026/07/17,7月11日(土)～7月17日(金),7月22日,2026年7月,2026/07/16,Yahoo!,1,シャワー,1,●リファ 選べる止水機能付き,●リファ 公式 選べる止水機能付き シャワーヘッド ● ReFa シャワー 人気No.1! リファファインバブル U 誕生日 ギフト 新生活 引っ越し ReFa 節水 FBU FBUS,35000,25%オフ,https://store.shopping.yahoo.co.jp/mtgec/1579320109.html?sc_i=shopping-pc-web-list-ranking-crk01_01-title
